<Diegar>

<!--	
	Count = Few, Default, Many (1, 2, 3)
	Tiles = Min, Max (10, 20)
-->

<!-- No changes for Tiny world sizes 0 - 5000. Go big, or go home. -->

<!-- Small World Size 5000,7000 -->

	<set xpath="/rwgmixer/world[@name='small']/property[@class='bforest_countrytown']/property[@name='count']/@value">0, 1, 2</set>
	<set xpath="/rwgmixer/world[@name='small']/property[@class='bforest_town']/property[@name='count']/@value">0, 1, 2</set>
	<set xpath="/rwgmixer/world[@name='small']/property[@class='city']/property[@name='count']/@value">1, 2, 3</set>
	<set xpath="/rwgmixer/world[@name='small']/property[@class='city']/property[@name='tiles']/@value">10, 20</set>
	<set xpath="/rwgmixer/world[@name='small']/property[@class='citybig']/property[@name='count']/@value">1, 2, 3</set>
	<set xpath="/rwgmixer/world[@name='small']/property[@class='citybig']/property[@name='tiles']/@value">35, 170</set>
	<set xpath="/rwgmixer/world[@name='small']/property[@class='countrytown']/property[@name='count']/@value">0, 1, 2</set>
	<set xpath="/rwgmixer/world[@name='small']/property[@class='forest_countrytown']/property[@name='count']/@value">0, 1, 2</set>
	<set xpath="/rwgmixer/world[@name='small']/property[@class='town']/property[@name='count']/@value">0, 1, 2</set>
	<set xpath="/rwgmixer/world[@name='small']/property[@class='town']/property[@name='tiles']/@value">4, 16</set>
	<set xpath="/rwgmixer/world[@name='small']/property[@class='oldwest']/property[@name='count']/@value">0, 0, 0</set>
	<set xpath="/rwgmixer/world[@name='small']/property[@class='wasteland_city']/property[@name='count']/@value">4, 4, 7</set>
	<set xpath="/rwgmixer/world[@name='small']/property[@class='wasteland_city']/property[@name='tiles']/@value">35, 74</set>
	<set xpath="/rwgmixer/world[@name='small']/property[@class='wilderness']/property[@name='count']/@value">100, 200, 300</set>
	
<!-- Medium World Size 7000 - 10000 -->
	
	<set xpath="/rwgmixer/world[@name='medium']/property[@class='bforest_countrytown']/property[@name='count']/@value">0, 1, 2</set>
	<set xpath="/rwgmixer/world[@name='medium']/property[@class='bforest_countrytown']/property[@name='tiles']/@value">6, 7</set>
	<set xpath="/rwgmixer/world[@name='medium']/property[@class='bforest_town']/property[@name='count']/@value">0, 1, 2</set>
	<set xpath="/rwgmixer/world[@name='medium']/property[@class='bforest_town']/property[@name='tiles']/@value">7, 8</set>
	<set xpath="/rwgmixer/world[@name='medium']/property[@class='city']/property[@name='count']/@value">1, 2, 3</set>
	<set xpath="/rwgmixer/world[@name='medium']/property[@class='city']/property[@name='tiles']/@value">20, 25</set>
	<set xpath="/rwgmixer/world[@name='medium']/property[@class='citybig']/property[@name='count']/@value">4, 5, 6</set>
	<set xpath="/rwgmixer/world[@name='medium']/property[@class='citybig']/property[@name='tiles']/@value">50, 65</set>
	<set xpath="/rwgmixer/world[@name='medium']/property[@class='forest_countrytown']/property[@name='count']/@value">0, 1, 2</set>
	<set xpath="/rwgmixer/world[@name='medium']/property[@class='forest_countrytown']/property[@name='tiles']/@value">5, 6</set>
	<set xpath="/rwgmixer/world[@name='medium']/property[@class='oldwest']/property[@name='count']/@value">0, 0, 0</set>
	<set xpath="/rwgmixer/world[@name='medium']/property[@class='town']/property[@name='count']/@value">1, 2, 3</set>
	<set xpath="/rwgmixer/world[@name='medium']/property[@class='town']/property[@name='tiles']/@value">12, 16</set>
	<set xpath="/rwgmixer/world[@name='medium']/property[@class='wasteland_city']/property[@name='count']/@value">3, 4, 5</set>
	<set xpath="/rwgmixer/world[@name='medium']/property[@class='wasteland_city']/property[@name='tiles']/@value">25, 30</set>
	<set xpath="/rwgmixer/world[@name='medium']/property[@class='wilderness']/property[@name='count']/@value">160, 310, 460</set>
	
<!-- Large World Size 10000 - 99000 -->

	<set xpath="/rwgmixer/world[@name='large']/property[@class='bforest_countrytown']/property[@name='count']/@value">0, 1, 2</set>
	<set xpath="/rwgmixer/world[@name='large']/property[@class='bforest_countrytown']/property[@name='tiles']/@value">9, 11</set>
	<set xpath="/rwgmixer/world[@name='large']/property[@class='bforest_town']/property[@name='count']/@value">0, 1, 2</set>
	<set xpath="/rwgmixer/world[@name='large']/property[@class='bforest_town']/property[@name='tiles']/@value">12, 15</set>
	<set xpath="/rwgmixer/world[@name='large']/property[@class='city']/property[@name='count']/@value">1, 2, 3</set>
	<set xpath="/rwgmixer/world[@name='large']/property[@class='city']/property[@name='tiles']/@value">10, 30</set>
	<set xpath="/rwgmixer/world[@name='large']/property[@class='citybig']/property[@name='count']/@value">5, 5, 8</set>
	<set xpath="/rwgmixer/world[@name='large']/property[@class='citybig']/property[@name='tiles']/@value">70, 170</set>
	<set xpath="/rwgmixer/world[@name='large']/property[@class='forest_countrytown']/property[@name='count']/@value">0, 1, 2</set>
	<set xpath="/rwgmixer/world[@name='large']/property[@class='forest_countrytown']/property[@name='tiles']/@value">8, 10</set>
	<set xpath="/rwgmixer/world[@name='large']/property[@class='oldwest']/property[@name='count']/@value">0, 0, 0</set>
	<set xpath="/rwgmixer/world[@name='large']/property[@class='town']/property[@name='count']/@value">0, 1, 2</set>
	<set xpath="/rwgmixer/world[@name='large']/property[@class='town']/property[@name='tiles']/@value">4, 16</set>
	<set xpath="/rwgmixer/world[@name='large']/property[@class='wasteland_city']/property[@name='count']/@value">5, 5, 8</set>
	<set xpath="/rwgmixer/world[@name='large']/property[@class='wasteland_city']/property[@name='tiles']/@value">55, 74</set>
	<set xpath="/rwgmixer/world[@name='large']/property[@class='wilderness']/property[@name='count']/@value">100, 200, 300</set>
	
	
	<set xpath="/rwgmixer/district[@name='commercial']/property[@name='spawn_weight']/@value">0.6</set>
	<set xpath="/rwgmixer/district[@name='downtown']/property[@name='spawn_weight']/@value">0.7</set>
	<set xpath="/rwgmixer/district[@name='industrial']/property[@name='spawn_weight']/@value">0.4</set>
	

<!-- CHANGE VANILLA TRADER COUNTS [Commented out because i also have 'DiegarCityTraderPrefabs' mod]
	<set xpath="/rwgmixer/prefab_spawn_adjust[@partial_name='trader_rekt']/@min_count">2</set>
	<set xpath="/rwgmixer/prefab_spawn_adjust[@partial_name='trader_rekt']/@max_count">6</set>
	<set xpath="/rwgmixer/prefab_spawn_adjust[@partial_name='trader_jen']/@min_count">2</set>
	<set xpath="/rwgmixer/prefab_spawn_adjust[@partial_name='trader_jen']/@max_count">6</set>
	<set xpath="/rwgmixer/prefab_spawn_adjust[@partial_name='trader_bob']/@min_count">2</set>
	<set xpath="/rwgmixer/prefab_spawn_adjust[@partial_name='trader_bob']/@max_count">6</set>
	<set xpath="/rwgmixer/prefab_spawn_adjust[@partial_name='trader_hugh']/@min_count">2</set>
	<set xpath="/rwgmixer/prefab_spawn_adjust[@partial_name='trader_hugh']/@max_count">6</set>
	<set xpath="/rwgmixer/prefab_spawn_adjust[@partial_name='trader_joel']/@min_count">2</set>
	<set xpath="/rwgmixer/prefab_spawn_adjust[@partial_name='trader_joel']/@max_count">6</set>
-->
	
<!--
	<township name="wasteland_city">
		<property name="biomes" value="wasteland"/>
		<property name="outskirt_district" value="rural"/>
	</township>

	<township name="citybig">
		<property name="biomes" value="wasteland"/>
		<property name="outskirt_district" value="rural"/>
	</township>

-->
	<set xpath="/rwgmixer/township[@name='countrytown']/property[@name='biomes']/@value">forest</set>
	<set xpath="/rwgmixer/township[@name='forest_countrytown']/property[@name='biomes']/@value">forest</set>
	<set xpath="/rwgmixer/township[@name='bforest_countrytown']/property[@name='biomes']/@value">burntforest</set>
	<set xpath="/rwgmixer/township[@name='bforest_town']/property[@name='biomes']/@value">burntforest</set>
	<set xpath="/rwgmixer/township[@name='city']/property[@name='biomes']/@value">forest</set>
	<set xpath="/rwgmixer/township[@name='town']/property[@name='biomes']/@value">forest</set>
	<set xpath="/rwgmixer/township[@name='wasteland_city']/property[@name='biomes']/@value">forest,burntforest,desert,snow,wasteland</set>
	<set xpath="/rwgmixer/township[@name='citybig']/property[@name='biomes']/@value">forest,burntforest,desert,snow,wasteland</set>
	
<!-- Some Landscape Features -->	

	<set xpath="/rwgmixer/world[@name='small']/property[@class='lakes']/property[@name='count']/@value">0, 0, 0</set>
	<set xpath="/rwgmixer/world[@name='small']/property[@class='rivers']/property[@name='count']/@value">0, 0, 0</set>
	<set xpath="/rwgmixer/world[@name='small']/property[@class='craters']/property[@name='count']/@value">0, 0, 0</set>
	<set xpath="/rwgmixer/world[@name='small']/property[@class='canyons']/property[@name='count']/@value">0, 0, 0</set>
	<set xpath="/rwgmixer/world[@name='small']/property[@class='mountains']/property[@name='scale']/@value">.2, .5</set>
	<set xpath="/rwgmixer/world[@name='small']/property[@class='mountains']/property[@name='clusters']/@value">1, .2, .4</set>
	<set xpath="/rwgmixer/world[@name='small']/property[@class='desert_mountains']/property[@name='scale']/@value">.2, .5</set>
	<set xpath="/rwgmixer/world[@name='small']/property[@class='desert_mountains']/property[@name='clusters']/@value">1, .2, .4</set>
	
	<set xpath="/rwgmixer/world[@name='medium']/property[@class='lakes']/property[@name='count']/@value">0, 0, 0</set>
	<set xpath="/rwgmixer/world[@name='medium']/property[@class='rivers']/property[@name='count']/@value">0, 0, 0</set>
	<set xpath="/rwgmixer/world[@name='medium']/property[@class='craters']/property[@name='count']/@value">0, 0, 0</set>
	<set xpath="/rwgmixer/world[@name='medium']/property[@class='canyons']/property[@name='count']/@value">0, 0, 0</set>
	<set xpath="/rwgmixer/world[@name='medium']/property[@class='mountains']/property[@name='scale']/@value">.2, .5</set>
	<set xpath="/rwgmixer/world[@name='medium']/property[@class='mountains']/property[@name='clusters']/@value">1, .2, .4</set>
	<set xpath="/rwgmixer/world[@name='medium']/property[@class='desert_mountains']/property[@name='scale']/@value">.2, .5</set>
	<set xpath="/rwgmixer/world[@name='medium']/property[@class='desert_mountains']/property[@name='clusters']/@value">1, .2, .4</set>
	
	<set xpath="/rwgmixer/world[@name='large']/property[@class='lakes']/property[@name='count']/@value">0, 0, 0</set>
	<set xpath="/rwgmixer/world[@name='large']/property[@class='rivers']/property[@name='count']/@value">0, 0, 0</set>
	<set xpath="/rwgmixer/world[@name='large']/property[@class='craters']/property[@name='count']/@value">0, 0, 0</set>
	<set xpath="/rwgmixer/world[@name='large']/property[@class='canyons']/property[@name='count']/@value">0, 0, 0</set>
	<set xpath="/rwgmixer/world[@name='large']/property[@class='mountains']/property[@name='scale']/@value">.2, .5</set>
	<set xpath="/rwgmixer/world[@name='large']/property[@class='mountains']/property[@name='clusters']/@value">1, .2, .4</set>
	<set xpath="/rwgmixer/world[@name='large']/property[@class='desert_mountains']/property[@name='scale']/@value">.2, .5</set>
	<set xpath="/rwgmixer/world[@name='large']/property[@class='desert_mountains']/property[@name='clusters']/@value">1, .2, .4</set>
</Diegar>