<configs>
xml <remove xpath="/windows/window[@name='windowCompass']"/>
<append xpath="/windows">
	<window name="windowCompass" anchor="CenterTop" pos="-240,-9" width="480" height="43" controller="CompassWindow">
		<sprite depth="0" sprite="ui_game_header_fill" pos="47,0" width="386" height="43" type="sliced" color="150,150,150,150" />
		<sprite depth="1" sprite="ui_game_header_fill" pos="50,-3" width="380" height="37" type="sliced" color="50,50,50,220" />

		<!--<texture depth="8" texture="Textures/UI/ui_game_compass" pos="50, -15" width="380" height="23" color="[iconColor]" name="compassTexture" rect_size="0.25,1" rect_offset=".8,0" />-->
		
		<texture depth="8" texture="@:Textures/UI/Compass/overlay-{compass_language}.png" pos="50, -12" width="380" height="27" color="[iconColor]" name="compassTexture3" rect_size="0.25,1" rect_offset="{#compass_rotation / 360 + 0.0625 - 0.125},0" />

		<sprite sprite="" color="255,255,255,255" globalopacitymod="1.8" visible="{showtime}">
			<calendar_entry />
		</sprite>
	</window>
</append>
</configs>