<!-- 

******************************************************************
*** Optional config. If you want city traders to be open 24x7, ***
*** and restock daily, rename this file to 'trader.xml'        ***
******************************************************************

-->

<Diegar>
	
	<set xpath="/traders/trader_info[@id='7']/@reset_interval">1</set> <!-- Hugh -->
	<set xpath="/traders/trader_info[@id='7']/@open_time">0:00</set>
	<set xpath="/traders/trader_info[@id='7']/@close_time">0:00</set>
	
	<set xpath="/traders/trader_info[@id='2']/@reset_interval">1</set> <!-- Jen -->
	<set xpath="/traders/trader_info[@id='2']/@open_time">0:00</set>
	<set xpath="/traders/trader_info[@id='2']/@close_time">0:00</set>
	
	<set xpath="/traders/trader_info[@id='6']/@reset_interval">1</set> <!-- Bob -->
	<set xpath="/traders/trader_info[@id='6']/@open_time">0:00</set>
	<set xpath="/traders/trader_info[@id='6']/@close_time">0:00</set>
	
	<set xpath="/traders/trader_info[@id='1']/@reset_interval">1</set> <!-- Joel -->
	<set xpath="/traders/trader_info[@id='1']/@open_time">0:00</set>
	<set xpath="/traders/trader_info[@id='1']/@close_time">0:00</set>
	
	<set xpath="/traders/trader_info[@id='8']/@reset_interval">1</set> <!-- Rekt -->
	<set xpath="/traders/trader_info[@id='8']/@open_time">0:00</set>
	<set xpath="/traders/trader_info[@id='8']/@close_time">0:00</set>
	
	<set xpath="/traders/trader_info[@id='9']/@reset_interval">1</set>
	<set xpath="/traders/trader_info[@id='9']/@open_time">0:00</set>
	<set xpath="/traders/trader_info[@id='9']/@close_time">0:00</set>

</Diegar>