﻿<?xml version="1.0" encoding="UTF-8"?>
<prefab>
  <property name="CopyAirBlocks" value="True" />
  <property name="ExcludeDistantPOIMesh" value="False" />
  <property name="ExcludePOICulling" value="False" />
  <property name="DistantPOIYOffset" value="0" />
  <property name="AllowTopSoilDecorations" value="False" />
  <property name="DifficultyTier" value="0" />
  <property name="ShowQuestClearCount" value="1" />
  <property name="TraderArea" value="True" />
  <property name="PrefabSize" value="25, 34, 25" />
  <property name="RotationToFaceNorth" value="2" />
  <property name="Zoning" value="none" />
  <property name="YOffset" value="-2" />
  <property name="WallVolumeSize" value="13, 5, 1" />
  <property name="WallVolumeStart" value="9, 2, 10" />
  <property name="TeleportVolumeSize" value="" />
  <property name="TeleportVolumeStart" value="" />
  <property name="SleeperVolumeSize" value="21, 3, 16#5, 3, 13#5, 5, 2#18, 3, 3#19, 2, 17" />
  <property name="SleeperVolumeStart" value="2, 14, 4#3, 2, 5#14, 2, 5#4, 10, 15#3, 7, 5" />
  <property name="SleeperVolumeGroupId" value="0,1,0,0,0" />
  <property name="SleeperVolumeGroup" value="zombieBiker,8,9,zombieJanitor,2,3,GroupGenericZombie,5,6,GroupAbandonedHouse,6,7,zombieSpider,2,3" />
  <property name="SleeperIsLootVolume" value="True,False,False,False,False" />
  <property name="SleeperIsQuestExclude" value="False,False,False,False,False" />
  <property name="SleeperVolumeFlags" value="4,0,0,0,0" />
  <property name="SleeperVolumeTriggeredBy" value=" # # # # " />
  <property name="EditorGroups" value="downtown" />
  <property name="Tags" value="downtown" />
  <property name="ThemeTags" value="traderBob" />
  <property name="QuestTags" value="trader" />
  <property class="Stats">
    <property name="TotalVertices" value="414438" />
    <property name="TotalTriangles" value="155504" />
    <property class="BlockEntities">
      <property name="Vertices" value="371704" />
      <property name="Triangles" value="128724" />
    </property>
    <property class="ChunkMeshes0">
      <property name="Vertices" value="40572" />
      <property name="Triangles" value="23578" />
    </property>
    <property class="ChunkMeshes1">
      <property name="Vertices" value="0" />
      <property name="Triangles" value="0" />
    </property>
    <property class="ChunkMeshes2">
      <property name="Vertices" value="498" />
      <property name="Triangles" value="306" />
    </property>
    <property class="ChunkMeshes3">
      <property name="Vertices" value="0" />
      <property name="Triangles" value="0" />
    </property>
    <property class="ChunkMeshes4">
      <property name="Vertices" value="0" />
      <property name="Triangles" value="0" />
    </property>
    <property class="ChunkMeshes5">
      <property name="Vertices" value="1664" />
      <property name="Triangles" value="2896" />
    </property>
  </property>
  <property class="IndexedBlockOffsets">
    <property class="POILight">
      <property name="0" value="17, 6, 12" />
      <property name="1" value="15, 12, 13" />
      <property name="2" value="17, 12, 13" />
      <property name="3" value="17, 6, 14" />
      <property name="4" value="17, 6, 16" />
      <property name="5" value="23, 4, 17" />
      <property name="6" value="15, 12, 19" />
      <property name="7" value="16, 6, 19" />
      <property name="8" value="20, 6, 19" />
    </property>
    <property class="challenge_polymers">
      <property name="0" value="17, 2, 5" />
      <property name="1" value="18, 3, 5" />
      <property name="2" value="14, 4, 10" />
      <property name="3" value="15, 3, 10" />
      <property name="4" value="17, 3, 10" />
      <property name="5" value="21, 10, 10" />
    </property>
    <property class="challenge_sinks">
      <property name="0" value="18, 10, 13" />
      <property name="1" value="17, 10, 14" />
      <property name="2" value="21, 10, 14" />
      <property name="3" value="21, 11, 14" />
    </property>
    <property class="challenge_pallet">
      <property name="0" value="15, 2, 10" />
      <property name="1" value="16, 2, 10" />
      <property name="2" value="16, 3, 10" />
    </property>
    <property class="challenge_mech_parts">
      <property name="0" value="20, 11, 13" />
      <property name="1" value="21, 2, 15" />
      <property name="2" value="21, 2, 16" />
      <property name="3" value="12, 2, 17" />
    </property>
    <property class="TraderOnOff">
      <property name="0" value="17, 10, 12" />
      <property name="1" value="21, 14, 13" />
      <property name="2" value="20, 10, 15" />
      <property name="3" value="18, 2, 20" />
    </property>
    <property class="challenge_leather">
      <property name="0" value="14, 10, 6" />
    </property>
    <property class="Trader">
      <property name="0" value="13, 2, 7" />
    </property>
    <property class="challenge_steel">
      <property name="0" value="14, 10, 10" />
    </property>
  </property>
</prefab>