<!-- Electrical Panel Blocks -->

<configs>	
	<remove xpath="/blocks/block/property[@name='Stacknumber']"/>
	<append xpath="/blocks/block" >
		<property name="Stacknumber" value="65535"/>
	</append>
	
	<append xpath="/blocks">
		<block name="Control Panel">
			<property name="Extends" value="controlPanelBase01"/>
			<property name="CustomIcon" value="controlPanelBase01"/>
			<property name="CreativeMode" value="Player"/>
			<property name="DescriptionKey" value="blockVariantHelperGroupDesc"/>
			<property name="ItemTypeIcon" value="all_blocks"/>
			<property name="SelectAlternates" value="true"/>
			<property name="PlaceAltBlockValue" value="controlPanelBase01,controlPanelBase02,controlPanelBase03,controlPanelBase04,controlPanelBase05,controlPanelBase06,controlPanelBase07,controlPanelBase08,controlPanelCorner,controlPanelTop01,controlPanelTop02,controlPanelTop03,controlPanelTop04,controlPanelTop05,controlPanelTop06,controlPanelTop07,controlPanelBase01Blue,controlPanelBase02Blue,controlPanelBase03Blue,controlPanelBase04Blue,controlPanelBase05Blue,controlPanelBase06Blue,controlPanelBase07Blue,controlPanelBase08Blue,controlPanelCornerBlue,controlPanelTop01Blue,controlPanelTop02Blue,controlPanelTop03Blue,controlPanelTop04Blue,controlPanelTop05Blue,controlPanelTop06Blue,controlPanelTop07Blue,controlPanelBase01Green,controlPanelBase02Green,controlPanelBase03Green,controlPanelBase04Green,controlPanelBase05Green,controlPanelBase06Green,controlPanelBase07Green,controlPanelBase08Green,controlPanelCornerGreen,controlPanelTop01Green,controlPanelTop02Green,controlPanelTop03Green,controlPanelTop04Green,controlPanelTop05Green,controlPanelTop06Green,controlPanelTop07Green,controlPanelBase01Grey,controlPanelBase02Grey,controlPanelBase03Grey,controlPanelBase04Grey,controlPanelBase05Grey,controlPanelBase06Grey,controlPanelBase07Grey,controlPanelBase08Grey,controlPanelCornerGrey,controlPanelTop01Grey,controlPanelTop02Grey,controlPanelTop03Grey,controlPanelTop04Grey,controlPanelTop05Grey,controlPanelTop06Grey,controlPanelTop07Grey,controlPanelBase01Red,controlPanelBase02Red,controlPanelBase03Red,controlPanelBase04Red,controlPanelBase05Red,controlPanelBase06Red,controlPanelBase07Red,controlPanelBase08Red,controlPanelCornerRed,controlPanelTop01Red,controlPanelTop02Red,controlPanelTop03Red,controlPanelTop04Red,controlPanelTop05Red,controlPanelTop06Red,controlPanelTop07Red,controlPanelBase01White,controlPanelBase02White,controlPanelBase03White,controlPanelBase04White,controlPanelBase05White,controlPanelBase06White,controlPanelBase07White,controlPanelBase08White,controlPanelCornerWhite,controlPanelTop01White,controlPanelTop02White,controlPanelTop03White,controlPanelTop04White,controlPanelTop05White,controlPanelTop06White,controlPanelTop07White"/>
			<property name="EconomicValue" value="60"/> <!-- disassemble value -->
		</block>

	<!-- *** STRONG COMMERCIAL_GLASS_DOORS -->
		<block name="commercialGlassDoorStrong">
			<!-- Class -->
			<property name="Class" value="DoorSecure"/>
			<property name="OpenSound" value="door_glass_single_open"/>
			<property name="CloseSound" value="door_glass_single_close"/>
			<property name="IndexName" value="TraderOnOff"/>
			<!-- UI_Info -->
			<property name="CustomIconTint" value="5B5B5B"/>
			<property name="TintColor" value="5B5B5B"/>
			<property name="DescriptionKey" value="doorGroupDesc"/>
			<property name="DisplayType" value="blockMulti"/>
			<property name="CustomIcon" value="commercialGlassDoor" />
			<property name="Stacknumber" value="500"/>
			<!-- Visual -->
			<property name="Material" value="Miron_scrap"/>
			<property name="Shape" value="ModelEntity"/>
			<property name="Model" value="@:Entities/Doors/commercialGlassDoor/commercialGlassDoorPrefab.prefab"/>
			<property name="ModelOffset" value="0,0,-0.525"/>
			<property name="MultiBlockDim" value="1,2,1"/>
			<property name="ImposterExchange" value="imposterBlock" param1="25"/>
			<property name="LightOpacity" value="1"/>
			<property name="WaterFlow" value="permitted"/>
			<!-- Placement -->
			<property name="Place" value="Door"/>
			<property name="PlaceEverywhere" value="true"/>
			<property name="AllowAllRotations" value="true"/>
			<property name="StabilitySupport" value="false"/>
			<!-- Interaction -->
			<property name="MaxDamage" value="15000"/>
			<property name="StartDamage" value="0"/>
			<property name="PassThroughDamage" value="true"/>
			<property name="Stage2Health" value="1"/>
			<property name="MeshDamage" value="
				Door/DMG0, 15000,
				Door/DMG1, 14999,
				Door/DMG2, 10000,
				Door/DMG3, 500,
				-, 1
				"/>
			<property class="RepairItems">
				<property name="resourceForgedSteel" value="11"/>
			</property>
			<property class="RepairItemsMeshDamage">
				<property name="resourceForgedSteel" value="1"/>
			</property>
			<drop event="Harvest" name="terrStone" count="0" tool_category="Disassemble"/>
			<drop event="Harvest" name="resourceScrapIron" count="96" tag="allHarvest"/>
			<drop event="Destroy" count="0"/>
			<drop event="Fall" name="scrapMetalPile" count="1" prob="0.75" stick_chance="1"/>
			<!-- Sorting -->
			<property name="SortOrder1" value="B303"/>
			<property name="SortOrder2" value="000"/>
			<property name="Group" value="Building,advBuilding"/>
			<property name="Tags" value="door"/>
			<property name="BlockTag" value="Door"/>
			<property name="FilterTags" value="MC_building,SC_doors"/>
		</block>
		
<!-- *** STRONG commercialGlassDoorDouble -->
		<block name="commercialGlassDoorDoubleStrong">
			<!-- Class -->
			<property name="Class" value="DoorSecure"/>
			<property name="OpenSound" value="door_glass_double_open"/>
			<property name="CloseSound" value="door_glass_double_close"/>
			<property name="IndexName" value="TraderOnOff"/>
			<!-- UI_Info -->
			<property name="CustomIconTint" value="5B5B5B"/>
			<property name="TintColor" value="5B5B5B"/>
			<property name="DescriptionKey" value="doorGroupDesc"/>
			<property name="DisplayType" value="blockMulti"/>
			<property name="CustomIcon" value="commercialGlassDoorDouble" />
			<property name="Stacknumber" value="5000"/>
			<!-- Visual -->
			<property name="Material" value="Msteel"/>
			<property name="Shape" value="ModelEntity"/>
			<property name="Model" value="@:Entities/Doors/commercialGlassDoorDouble/commercialGlassDoorDoublePrefab.prefab"/>
			<property name="ModelOffset" value="0,0,-0.55"/>
			<property name="MultiBlockDim" value="2,2,1"/>
			<property name="ImposterExchange" value="imposterBlock" param1="25"/>
			<property name="LightOpacity" value="1"/>
			<property name="WaterFlow" value="permitted"/>
			<!-- Placement -->
			<property name="Place" value="Door"/>
			<property name="PlaceEverywhere" value="true"/>
			<property name="AllowAllRotations" value="true"/>
			<property name="StabilitySupport" value="false"/>
			<!-- Interaction -->
			<property name="MaxDamage" value="15000"/>
			<property name="StartDamage" value="0"/>
			<property name="PassThroughDamage" value="true"/>
			<property name="Stage2Health" value="1"/>
			<property name="MeshDamage" value="
				Door/DMG0, 15000,
				Door/DMG1, 14999,
				Door/DMG2, 10000,
				Door/DMG3, 500,
				-, 1
				"/>
			<property class="RepairItems">
				<property name="resourceForgedSteel" value="11"/>
			</property>
			<property class="RepairItemsMeshDamage">
				<property name="resourceForgedSteel" value="1"/>
			</property>
			<drop event="Harvest" name="terrStone" count="0" tool_category="Disassemble"/>
			<drop event="Harvest" name="resourceScrapIron" count="96" tag="allHarvest"/>
			<drop event="Destroy" count="0"/>
			<drop event="Fall" name="scrapMetalPile" count="1" prob="0.75" stick_chance="1"/>
			<!-- Sorting -->
			<property name="SortOrder1" value="B303"/>
			<property name="SortOrder2" value="000"/>
			<property name="Group" value="Building,advBuilding"/>
			<property name="Tags" value="door"/>
			<property name="BlockTag" value="Door"/>
			<property name="FilterTags" value="MC_building,SC_doors"/>
		</block>
<!-- *** HP & AP Auto Turrets -->		
		<block name="autoTurretHP">
			<property name="CreativeMode" value="Player"/>
			<property name="Class" value="Ranged"/>
			<property name="RequiredPower" value="15"/>
			<property name="AmmoItem" value="ammo9mmBulletHP"/>
			<property name="TurnSpeed" value="22.5"/>
			<property name="MaxDistance" value="30"/>
			<property name="EntityDamage" value="35"/>
			<property name="BlockDamage" value="1"/>
			<property name="RaySpread" value="2.6"/><!-- Spread 2.6deg: 1m cone (55% hit) @ 22m -->
			<property name="BurstRoundCount" value="15"/>
			<property name="BurstFireRate" value="0.15"/>
			<property name="CooldownTime" value="2"/>
			<property name="OvershootTime" value="0.4"/>
			<property name="FallAsleepTime" value="10"/>
			<property name="WakeUpTime" value="0.5"/>
			<property name="YawRange" value="90"/>
			<property name="PitchRange" value="90"/>
			<property name="ParticlesMuzzleFire" value="nozzleflashuzi"/>
			<property name="DamageBonus.head" value="3"/>
			<property name="DamageBonus.glass" value="1"/>
			<property name="DamageBonus.wood" value="2"/>
			<property name="DamageBonus.earth" value="0.2"/>
			<property name="DamageBonus.stone" value="0.2"/>
			<property name="DamageBonus.metal" value="0.2"/>
			<property name="TargetingSound" value="turret_retarget_lp"/>
			<property name="IdleSound" value="turret_idle_lp"/>
			<property name="OverheatSound" value="turret_overheat_lp"/>
			<property name="WakeUpSound" value="turret_windup"/>
			<property name="FireSound" value="Pistol_Fire"/>
			<property name="IgnoreKeystoneOverlay" value="true"/>
			<property name="UnlockedBy" value="craftingTraps"/>
			<property name="DisplayType" value="blockElectricalHardened"/>
			<property name="CustomIconTint" value="935C5C"/>
			<property name="CustomIcon" value="autoTurret" />
			<property name="TintColor" value="935C5C"/>
			<property name="Stacknumber" value="10"/>
			<property name="Material" value="Mmetal_medium"/>
			<property name="Shape" value="ModelEntity"/>
			<property name="Model" value="@:Entities/Traps/AutoTurret/autoTurretSMGPrefab.prefab"/>
			<property name="ModelOffset" value="0,0,0"/>
			<property name="ImposterExchange" value="imposterDontBlockCTRQuarter" param1="169"/>
			<property name="WaterFlow" value="permitted"/>
			<property name="OnlySimpleRotations" value="true"/><!-- the targeting math will NOT work if it's not upright -->
			<property name="Path" value="solid"/>
			<property name="EconomicValue" value="3000"/>
			<property name="EconomicBundleSize" value="1"/>
			<property name="TraderStageTemplate" value="electricTier3"/><!-- autoTurret -->
			<property class="RepairItems">
				<property name="resourceForgedIron" value="12"/>
				<property name="resourceMechanicalParts" value="2"/>
				<property name="resourceElectricParts" value="2"/>
			</property>
			<drop event="Harvest" name="terrStone" count="0" tool_category="Disassemble"/>
			<drop event="Harvest" name="resourceMechanicalParts" count="1,4" tag="salvageHarvest"/>
			<drop event="Harvest" name="resourceElectricParts" count="1,4" tag="salvageHarvest"/>
			<drop event="Harvest" name="resourceScrapIron" count="10,40" tag="allHarvest,perkJunkMiner"/>
			<drop event="Destroy" count="0"/>
			<property name="SortOrder1" value="B155"/>
			<property name="SortOrder2" value="0022"/>
			<property name="Group" value="Science,TCScience"/>
			<property name="Tags" value="trapsSkill"/>
			<property name="FilterTags" value="MC_playerBlocks,SC_electrical,SC_traps"/>
			<property name="SoundPickup" value="autoturret_grab"/>
			<property name="SoundPlace" value="autoturret_place"/>
		</block>
		
		<block name="autoTurretAP">
			<property name="CreativeMode" value="Player"/>
			<property name="Class" value="Ranged"/>
			<property name="RequiredPower" value="15"/>
			<property name="AmmoItem" value="ammo9mmBulletAP"/>
			<property name="TurnSpeed" value="22.5"/>
			<property name="MaxDistance" value="30"/>
			<property name="EntityDamage" value="38"/>
			<property name="BlockDamage" value="1"/>
			<property name="RaySpread" value="2.6"/><!-- Spread 2.6deg: 1m cone (55% hit) @ 22m -->
			<property name="BurstRoundCount" value="15"/>
			<property name="BurstFireRate" value="0.15"/>
			<property name="CooldownTime" value="2"/>
			<property name="OvershootTime" value="0.4"/>
			<property name="FallAsleepTime" value="10"/>
			<property name="WakeUpTime" value="0.5"/>
			<property name="YawRange" value="90"/>
			<property name="PitchRange" value="90"/>
			<property name="ParticlesMuzzleFire" value="nozzleflashuzi"/>
			<property name="DamageBonus.head" value="3"/>
			<property name="DamageBonus.glass" value="1"/>
			<property name="DamageBonus.wood" value="2"/>
			<property name="DamageBonus.earth" value="0.2"/>
			<property name="DamageBonus.stone" value="0.2"/>
			<property name="DamageBonus.metal" value="0.2"/>
			<property name="TargetingSound" value="turret_retarget_lp"/>
			<property name="IdleSound" value="turret_idle_lp"/>
			<property name="OverheatSound" value="turret_overheat_lp"/>
			<property name="WakeUpSound" value="turret_windup"/>
			<property name="FireSound" value="Pistol_Fire"/>
			<property name="IgnoreKeystoneOverlay" value="true"/>
			<property name="UnlockedBy" value="craftingTraps"/>
			<property name="DisplayType" value="blockElectricalHardened"/>
			<property name="CustomIconTint" value="5C6B93"/>
			<property name="TintColor" value="5C6B93"/>
			<property name="CustomIcon" value="autoTurret" />
			<property name="Stacknumber" value="10"/>
			<property name="Material" value="Mmetal_medium"/>
			<property name="Shape" value="ModelEntity"/>
			<property name="Model" value="@:Entities/Traps/AutoTurret/autoTurretSMGPrefab.prefab"/>
			<property name="ModelOffset" value="0,0,0"/>
			<property name="ImposterExchange" value="imposterDontBlockCTRQuarter" param1="169"/>
			<property name="WaterFlow" value="permitted"/>
			<property name="OnlySimpleRotations" value="true"/><!-- the targeting math will NOT work if it's not upright -->
			<property name="Path" value="solid"/>
			<property name="EconomicValue" value="3000"/>
			<property name="EconomicBundleSize" value="1"/>
			<property name="TraderStageTemplate" value="electricTier3"/><!-- autoTurret -->
			<property class="RepairItems">
				<property name="resourceForgedIron" value="12"/>
				<property name="resourceMechanicalParts" value="2"/>
				<property name="resourceElectricParts" value="2"/>
			</property>
			<drop event="Harvest" name="terrStone" count="0" tool_category="Disassemble"/>
			<drop event="Harvest" name="resourceMechanicalParts" count="1,4" tag="salvageHarvest"/>
			<drop event="Harvest" name="resourceElectricParts" count="1,4" tag="salvageHarvest"/>
			<drop event="Harvest" name="resourceScrapIron" count="10,40" tag="allHarvest,perkJunkMiner"/>
			<drop event="Destroy" count="0"/>
			<property name="SortOrder1" value="B155"/>
			<property name="SortOrder2" value="0022"/>
			<property name="Group" value="Science,TCScience"/>
			<property name="Tags" value="trapsSkill"/>
			<property name="FilterTags" value="MC_playerBlocks,SC_electrical,SC_traps"/>
			<property name="SoundPickup" value="autoturret_grab"/>
			<property name="SoundPlace" value="autoturret_place"/>
		</block>
	</append>
</configs>