<configs>
  <set xpath="/items/item[starts-with(@name, 'ammo')]/property[@name='Stacknumber']/@value">65535</set>  <!-- Ammo -->
  <set xpath="/items/item[starts-with(@name, 'medical')]/property[@name='Stacknumber']/@value">5000</set>  <!-- Medical -->
  <set xpath="/items/item[starts-with(@name, 'drug')]/property[@name='Stacknumber']/@value">10000</set>  <!-- Drugs -->
  <set xpath="/items/item[starts-with(@name, 'food')]/property[@name='Stacknumber']/@value">10000</set>  <!-- Food -->
  <set xpath="/items/item[starts-with(@name, 'foodCrop')]/property[@name='Stacknumber']/@value">10000</set>  <!-- Crops -->
  <set xpath="/items/item[starts-with(@name, 'drink')]/property[@name='Stacknumber']/@value">50000</set>  <!-- Drinks -->
  <set xpath="/items/item[starts-with(@name, 'resource')]/property[@name='Stacknumber']/@value">65535</set>  <!-- Resources -->
  <set xpath="/items/item[starts-with(@name, 'resourceCrop')]/property[@name='Stacknumber']/@value">50000</set>  <!-- Resources -->
  <set xpath="/items/item[starts-with(@name, 'thrown')]/property[@name='Stacknumber']/@value">65535</set>  <!-- Grenades & Molotovs -->
  <set xpath="/items/item[starts-with(@name, 'tool')]/property[@name='Stacknumber']/@value">2500</set>  <!-- Tools -->
  <set xpath="/items/item[starts-with(@name, 'book')]/property[@name='Stacknumber']/@value">2500</set>  <!-- Books -->
  <set xpath="/items/item[contains(@name, 'schematic')]/property[@name='Stacknumber']/@value">2500</set>  <!-- Schematics -->
  <append xpath="/items/item[contains(@name, 'Magazine')]" >  <!-- Magazines -->
		<property name="Stacknumber" value="65535"/>
  </append>
  
  <!-- Exceptions & Misc -->
  <set xpath="/items/item[@name='ammoJunkTurretRegular']/property[@name='Stacknumber']/@value">5000</set>
  <set xpath="/items/item[@name='ammoGasCan']/property[@name='Stacknumber']/@value">65535</set>
  <set xpath="/items/item[@name='casinoCoin']/property[@name='Stacknumber']/@value">65535</set>
  <set xpath="/items/item[@name='foodRawMeat']/property[@name='Stacknumber']/@value">10000</set>
  <set xpath="/items/item[@name='foodRottingFlesh']/property[@name='Stacknumber']/@value">10000</set>
  <set xpath="/items/item[@name='foodEgg']/property[@name='Stacknumber']/@value">5000</set>
  <set xpath="/items/item[@name='medicalAloeCream']/property[@name='Stacknumber']/@value">5000</set>
  <set xpath="/items/item[@name='medicalBloodBag']/property[@name='Stacknumber']/@value">5000</set>
  <set xpath="/items/item[@name='partsMaster']/property[@name='Stacknumber']/@value">10000</set>
  <set xpath="/items/item[@name='schematicMaster']/property[@name='Stacknumber']/@value">10000</set>
  <set xpath="/items/item[@name='smallEngine']/property[@name='Stacknumber']/@value">12000</set>
  <set xpath="/items/item[@name='resourceLockPick']/property[@name='Stacknumber']/@value">50000</set>
  <append xpath="/items/item[@name='armorParts']" >
		<property name="Stacknumber" value="65535"/>
  </append>
</configs>