<configs>		
	<append xpath="/recipes">
		<recipe name="Control Panel" count="1" craft_time="60" craft_area="workbench" tags="workbenchCrafting">
			<ingredient name="resourceElectricParts" count="10"/>
			<ingredient name="resourceForgedIron" count="10"/>
		</recipe>
		<recipe name="commercialGlassDoorDoubleStrong" count="1" craft_time="180" craft_area="workbench" tags="workbenchCrafting">
			<ingredient name="resourceForgedSteel" count="50"/>
			<ingredient name="resourceSpring" count="20"/>
			<ingredient name="resourceMechanicalParts" count="15"/>
		</recipe>
		<recipe name="commercialGlassDoorStrong" count="1" craft_time="90" craft_area="workbench" tags="workbenchCrafting">
			<ingredient name="resourceForgedSteel" count="30"/>
			<ingredient name="resourceSpring" count="10"/>
			<ingredient name="resourceMechanicalParts" count="10"/>
		</recipe>
		<recipe name="autoTurretHP" count="1" craft_area="workbench" tags="perkAdvancedEngineering,learnable"> <!-- trap -->
			<ingredient name="motionsensor" count="1"/>
			<ingredient name="resourceForgedSteel" count="50"/>
			<ingredient name="gunHandgunT1PistolParts" count="6"/>
			<ingredient name="resourceOil" count="20"/>
			<ingredient name="resourceScrapPolymers" count="10"/>
			<effect_group>
				<passive_effect name="CraftingIngredientCount" level="0,1,2,3,4" operation="perc_add" value=".56,.56,.56,.34,.15" tags="resourceForgedSteel,gunHandgunT1PistolParts,resourceOil,resourceScrapPolymers"/>
			</effect_group>
		</recipe>
		<recipe name="autoTurretAP" count="1" craft_area="workbench" tags="perkAdvancedEngineering,learnable"> <!-- trap -->
			<ingredient name="motionsensor" count="1"/>
			<ingredient name="resourceForgedSteel" count="80"/>
			<ingredient name="gunHandgunT1PistolParts" count="12"/>
			<ingredient name="resourceOil" count="30"/>
			<ingredient name="resourceScrapPolymers" count="15"/>
			<effect_group>
				<passive_effect name="CraftingIngredientCount" level="0,1,2,3,4" operation="perc_add" value=".56,.56,.56,.34,.15" tags="resourceForgedSteel,gunHandgunT1PistolParts,resourceOil,resourceScrapPolymers"/>
			</effect_group>
		</recipe>
	</append>
</configs>