<configs>
	<set xpath="//worldglobal/environment/property[@name='ambientEquatorScale']/@value">.7, 0</set>
	<set xpath="//worldglobal/environment/property[@name='ambientGroundScale']/@value">.3, 0</set>
	<set xpath="//worldglobal/environment/property[@name='ambientSkyScale']/@value">1, 0</set>
	<set xpath="//worldglobal/environment/property[@name='ambientSkyDesat']/@value">.7, .1</set>
	<set xpath="//worldglobal/environment/property[@name='ambientMoon']/@value">.1, .1</set>
	<set xpath="//worldglobal/environment/property[@name='ambientInsideSkyScale']/@value">.2, .4</set>
	<set xpath="//worldglobal/environment/property[@name='fogPower']/@value">1, 2</set>
	<set xpath="//worldglobal/environment/property[@name='fogWater']/@value">.85, .1</set>
</configs>