﻿<?xml version="1.0" encoding="UTF-8"?>
<prefab>
  <property name="CopyAirBlocks" value="True" />
  <property name="ExcludeDistantPOIMesh" value="False" />
  <property name="ExcludePOICulling" value="False" />
  <property name="DistantPOIYOffset" value="0" />
  <property name="EditorGroups" value="downtown" />
  <property name="AllowTopSoilDecorations" value="False" />
  <property name="DifficultyTier" value="0" />
  <property name="ShowQuestClearCount" value="1" />
  <property name="TraderArea" value="True" />
  <property name="PrefabSize" value="42, 27, 42" />
  <property name="RotationToFaceNorth" value="2" />
  <property name="Tags" value="downtown" />
  <property name="ThemeTags" value="traderJen" />
  <property name="QuestTags" value="trader, traderJen" />
  <property name="Zoning" value="commercial, downtown" />
  <property name="YOffset" value="-7" />
  <property name="AllowedTownships" value="city,town,rural" />
  <property name="TeleportVolumeSize" value="" />
  <property name="TeleportVolumeStart" value="" />
  <property name="SleeperVolumeSize" value="8, 13, 20" />
  <property name="SleeperVolumeStart" value="15, 7, 4" />
  <property name="SleeperVolumeGroupId" value="0" />
  <property name="SleeperVolumeGroup" value="zombieBurntFeral,9,10" />
  <property name="SleeperIsLootVolume" value="False" />
  <property name="SleeperIsQuestExclude" value="False" />
  <property name="SleeperVolumeFlags" value="0" />
  <property name="SleeperVolumeTriggeredBy" value=" " />
  <property name="WallVolumeSize" value="3, 2, 1#4, 2, 2#1, 4, 7#2, 4, 1#3, 4, 1#1, 4, 6#1, 3, 3" />
  <property name="WallVolumeStart" value="28, 9, 8#27, 9, 9#30, 7, 4#27, 7, 10#24, 7, 10#24, 7, 4#26, 7, 4" />
  <property class="IndexedBlockOffsets">
    <property class="challenge_polymers">
      <property name="0" value="24, 8, 21" />
      <property name="1" value="22, 7, 24" />
    </property>
    <property class="quest_feather">
      <property name="0" value="30, 17, 3" />
    </property>
    <property class="POILight">
      <property name="0" value="26, 13, 21" />
      <property name="1" value="29, 10, 21" />
      <property name="2" value="29, 10, 23" />
      <property name="3" value="23, 9, 36" />
    </property>
    <property class="TraderOnOff">
      <property name="0" value="24, 9, 5" />
      <property name="1" value="25, 9, 10" />
      <property name="2" value="26, 12, 10" />
      <property name="3" value="23, 7, 18" />
    </property>
    <property class="challenge_gore">
      <property name="0" value="6, 3, 6" />
      <property name="1" value="9, 3, 8" />
    </property>
    <property class="challenge_sinks">
      <property name="0" value="32, 8, 22" />
      <property name="1" value="32, 8, 23" />
    </property>
    <property class="challenge_mech_parts">
      <property name="0" value="32, 7, 21" />
    </property>
    <property class="Trader">
      <property name="0" value="29, 7, 9" />
    </property>
    <property class="challenge_pallet">
      <property name="0" value="25, 7, 12" />
    </property>
    <property class="challenge_cars">
      <property name="0" value="37, 7, 6" />
    </property>
  </property>
  <property class="Stats">
    <property name="TotalVertices" value="1151615" />
    <property name="TotalTriangles" value="473850" />
    <property class="BlockEntities">
      <property name="Vertices" value="1052302" />
      <property name="Triangles" value="410483" />
    </property>
    <property class="ChunkMeshes0">
      <property name="Vertices" value="90475" />
      <property name="Triangles" value="50591" />
    </property>
    <property class="ChunkMeshes1">
      <property name="Vertices" value="0" />
      <property name="Triangles" value="0" />
    </property>
    <property class="ChunkMeshes2">
      <property name="Vertices" value="1456" />
      <property name="Triangles" value="1032" />
    </property>
    <property class="ChunkMeshes3">
      <property name="Vertices" value="0" />
      <property name="Triangles" value="0" />
    </property>
    <property class="ChunkMeshes4">
      <property name="Vertices" value="0" />
      <property name="Triangles" value="0" />
    </property>
    <property class="ChunkMeshes5">
      <property name="Vertices" value="7382" />
      <property name="Triangles" value="11744" />
    </property>
  </property>
</prefab>