﻿<?xml version="1.0" encoding="UTF-8"?>
<prefab>
  <property name="CopyAirBlocks" value="True" />
  <property name="ExcludeDistantPOIMesh" value="False" />
  <property name="ExcludePOICulling" value="False" />
  <property name="DistantPOIYOffset" value="0" />
  <property name="AllowTopSoilDecorations" value="False" />
  <property name="DifficultyTier" value="0" />
  <property name="ShowQuestClearCount" value="1" />
  <property name="TraderArea" value="True" />
  <property name="PrefabSize" value="25, 30, 25" />
  <property name="RotationToFaceNorth" value="2" />
  <property name="TeleportVolumeSize" value="8, 3, 12#8, 3, 12#8, 3, 8" />
  <property name="TeleportVolumeStart" value="13, 3, 3#13, 3, 3#13, 3, 3" />
  <property name="Zoning" value="none" />
  <property name="EditorGroups" value="downtown" />
  <property name="Tags" value="downtown" />
  <property name="ThemeTags" value="traderHugh" />
  <property name="QuestTags" value="trader" />
  <property name="YOffset" value="-2" />
  <property name="WallVolumeSize" value="4, 2, 10#1, 1, 3#1, 2, 3" />
  <property name="WallVolumeStart" value="17, 5, 11#18, 4, 12#20, 3, 12" />
  <property name="SleeperVolumeSize" value="8, 3, 8" />
  <property name="SleeperVolumeStart" value="4, 11, 7" />
  <property name="SleeperVolumeGroupId" value="0" />
  <property name="SleeperVolumeGroup" value="GroupSpecialInfected,7,8" />
  <property name="SleeperIsLootVolume" value="True" />
  <property name="SleeperIsQuestExclude" value="False" />
  <property name="SleeperVolumeFlags" value="0" />
  <property name="SleeperVolumeTriggeredBy" value=" " />
  <property class="IndexedBlockOffsets">
    <property class="POILight">
      <property name="0" value="13, 17, 13" />
      <property name="1" value="16, 5, 13" />
      <property name="2" value="15, 9, 14" />
      <property name="3" value="15, 13, 14" />
      <property name="4" value="20, 8, 14" />
      <property name="5" value="15, 5, 16" />
    </property>
    <property class="challenge_pallet">
      <property name="0" value="8, 2, 4" />
    </property>
    <property class="challenge_polymers">
      <property name="0" value="15, 3, 3" />
      <property name="1" value="17, 3, 3" />
      <property name="2" value="19, 3, 3" />
      <property name="3" value="13, 5, 7" />
      <property name="4" value="15, 7, 9" />
    </property>
    <property class="TraderOnOff">
      <property name="0" value="12, 3, 12" />
      <property name="1" value="12, 15, 13" />
      <property name="2" value="16, 7, 14" />
    </property>
    <property class="challenge_sinks">
      <property name="0" value="20, 11, 12" />
      <property name="1" value="20, 11, 13" />
      <property name="2" value="17, 10, 16" />
    </property>
    <property class="challenge_mech_parts">
      <property name="0" value="2, 2, 12" />
      <property name="1" value="2, 2, 13" />
    </property>
    <property class="challenge_steel">
      <property name="0" value="4, 7, 12" />
    </property>
    <property class="quest_feather">
      <property name="0" value="16, 19, 15" />
    </property>
    <property class="Trader">
      <property name="0" value="19, 3, 12" />
    </property>
  </property>
  <property class="Stats">
    <property name="TotalVertices" value="551323" />
    <property name="TotalTriangles" value="201481" />
    <property class="BlockEntities">
      <property name="Vertices" value="506795" />
      <property name="Triangles" value="169936" />
    </property>
    <property class="ChunkMeshes0">
      <property name="Vertices" value="42264" />
      <property name="Triangles" value="28233" />
    </property>
    <property class="ChunkMeshes1">
      <property name="Vertices" value="0" />
      <property name="Triangles" value="0" />
    </property>
    <property class="ChunkMeshes2">
      <property name="Vertices" value="600" />
      <property name="Triangles" value="416" />
    </property>
    <property class="ChunkMeshes3">
      <property name="Vertices" value="0" />
      <property name="Triangles" value="0" />
    </property>
    <property class="ChunkMeshes4">
      <property name="Vertices" value="0" />
      <property name="Triangles" value="0" />
    </property>
    <property class="ChunkMeshes5">
      <property name="Vertices" value="1664" />
      <property name="Triangles" value="2896" />
    </property>
  </property>
</prefab>